﻿Alabama,Alaska,Arizona,Arkansas,California,Colorado,Connecticut,Delaware,Florida,Georgia,Hawaii,Idaho,Illinois,Indiana,Iowa,Kansas,Kentucky,Louisiana,Maine,Maryland,Massachusetts,Michigan,Minnesota,Mississippi,Missouri,Montana,Nebraska,Nevada,New Hamphire,New Jersey,New Mexico,New York,North Carolina,North Dakota,Ohio,Oklahoma,Oregon,Pennsylvania,Rhode Island,South Carolina,South Dakota,Tennessee,Texas,Utah,Vermont,Virginia,Washington,West Virginia,Wisconsin,Wyoming,Washington DC
South,Midwest,Northwest,West,,,,,,,,,,,,,,,,,,,,,,,,,,,,,,,,,,,,,,,,,,,,,,,
Urban,Suburban,Rural,,,,,,,,,,,,,,,,,,,,,,,,,,,,,,,,,,,,,,,,,,,,,,,,
,,,,,,,,,,,,,,,,,,,,,,,,,,,,,,,,,,,,,,,,,,,,,,,,,,
White,Black,Latinx,Asian,Middle Eastern,Native American,Other,,,,,,,,,,,,,,,,,,,,,,,,,,,,,,,,,,,,,,,,,,,,
None,Christian,Muslim,Buddhist,Cultural spirituality/other,Jewish,,,,,,,,,,,,,,,,,,,,,,,,,,,,,,,,,,,,,,,,,,,,,
Less than high school,High school/GED,Some college/trade school,Bachelor's degree,Graduate school/advanced degree,,,,,,,,,,,,,,,,,,,,,,,,,,,,,,,,,,,,,,,,,,,,,,
Poor,Average,Good,,,,,,,,,,,,,,,,,,,,,,,,,,,,,,,,,,,,,,,,,,,,,,,,
Only child,Oldest child,Middle child,Youngest child,Twin,,,,,,,,,,,,,,,,,,,,,,,,,,,,,,,,,,,,,,,,,,,,,,
,,,,,,,,,,,,,,,,,,,,,,,,,,,,,,,,,,,,,,,,,,,,,,,,,,
Single,Boyfriend/girlfriend,Married,Divorced/separated/widowed,,,,,,,,,,,,,,,,,,,,,,,,,,,,,,,,,,,,,,,,,,,,,,,
No evidence,Yes,,,,,,,,,,,,,,,,,,,,,,,,,,,,,,,,,,,,,,,,,,,,,,,,,
Not working,Working,,,,,,,,,,,,,,,,,,,,,,,,,,,,,,,,,,,,,,,,,,,,,,,,,
Blue collar,White collar,In between,,,,,,,,,,,,,,,,,,,,,,,,,,,,,,,,,,,,,,,,,,,,,,,,
Army,Navy,Air Force,Marines,Coast Guard,National Guard,,,,,,,,,,,,,,,,,,,,,,,,,,,,,,,,,,,,,,,,,,,,,
No evidence,Somewhat involved,Heavily involved,Formerly involved but recently withdrawn,,,,,,,,,,,,,,,,,,,,,,,,,,,,,,,,,,,,,,,,,,,,,,,
No evidence,Homicide,Forcible rape,Robbery,Aggravated Assault,Burglary,Larceny-Theft,Motor Vehicle Theft,Arson,,,,,,,,,,,,,,,,,,,,,,,,,,,,,,,,,,,,,,,,,,
No evidence,Simple assault,"Fraud, forgery, embezzlement",Stolen property,Vandalism,Weapons offenses,Prostitution or other non-rape sex offenses,Drugs,DUI,Other,,,,,,,,,,,,,,,,,,,,,,,,,,,,,,,,,,,,,,,,,
N/A,Non-sexual physical violence,Sexual violence,Threats / coercive control,Threats with a deadly weapon,,,,,,,,,,,,,,,,,,,,,,,,,,,,,,,,,,,,,,,,,,,,,,
Lower class,Middle class,Upper class,,,,,,,,,,,,,,,,,,,,,,,,,,,,,,,,,,,,,,,,,,,,,,,,
No evidence,Recent break-up,Employment stressor,Economic stressor,Family issue,Legal issue,Other,,,,,,,,,,,,,,,,,,,,,,,,,,,,,,,,,,,,,,,,,,,,
Days before shooting,Weeks before shooting,Months before shooting,Years before shooting,,,,,,,,,,,,,,,,,,,,,,,,,,,,,,,,,,,,,,,,,,,,,,,
No evidence,Problem with alcohol,Marijuana,Other drugs,,,,,,,,,,,,,,,,,,,,,,,,,,,,,,,,,,,,,,,,,,,,,,,
No evidence,Racism,Misogyny,Homophobia,Religious hatred,,,,,,,,,,,,,,,,,,,,,,,,,,,,,,,,,,,,,,,,,,,,,,
In person,Letter,Other writing,Phone / text,Internet / social media,Other,,,,,,,,,,,,,,,,,,,,,,,,,,,,,,,,,,,,,,,,,,,,,
Mental health professional,Immediate family,Wife/girlfriend,Police,Coworker/supervisor,Friend/neighbor,Classmate,Teacher/school staff,Waitress/Bartender/Clerk,Other,,,,,,,,,,,,,,,,,,,,,,,,,,,,,,,,,,,,,,,,,
Nonspecific (threatened violence),Specific (threatened shooting),,,,,,,,,,,,,,,,,,,,,,,,,,,,,,,,,,,,,,,,,,,,,,,,,
N/A,Death penalty,Life without parole,Life imprisonment (with possibility of parole),Hospitalization,Juvenile detention,,,,,,,,,,,,,,,,,,,,,,,,,,,,,,,,,,,,,,,,,,,,,